nodes,tasks,threads,total_time,comp_time,comm_time
1,4,16,38.198096,5.752500,32.445596
2,8,16,20.730853,3.370428,17.360425
4,16,16,10.012807,1.029831,8.982976
