nodes,tasks,threads,total_time,comp_time,comm_time
1,2,12,107.207160,107.204870,89.207683
2,4,12,53.628442,53.626831,44.846967
3,6,12,36.031650,36.029741,30.259428
